month,gcc_name_2021,dwelling_type,average_rent,median_rent,rent_25pc,rent_75pc
Jan 2016,Greater Sydney,F,547.5719298245614,510,410,620
Jan 2016,Greater Sydney,H,623.069514237856,520,430,680
Jan 2016,Greater Sydney,O,423.4092664092664,350,300,450
Jan 2016,Greater Sydney,T,597.8295302013423,530,420,700
Jan 2016,Greater Sydney,U,534.0638655462185,470,385,592.5
Jan 2016,Rest of NSW,F,280.78452685421996,260,200,325
Jan 2016,Rest of NSW,H,366.4406779661017,350,286,420
Jan 2016,Rest of NSW,O,306.4913793103448,292.5,217.5,360
Jan 2016,Rest of NSW,T,375.2955082742317,360,300,430
Jan 2016,Rest of NSW,U,338.6965317919075,330,250,400
Feb 2016,Greater Sydney,F,556.8942366272694,520,420,640
Feb 2016,Greater Sydney,H,623.2288723349602,530,430,700
Feb 2016,Greater Sydney,O,412.6157517899761,395,300,464.5
Feb 2016,Greater Sydney,T,626.4014336917563,570,450,730
Feb 2016,Greater Sydney,U,575.4731977818853,520,420,650
Feb 2016,Rest of NSW,F,293.48913506604174,270,215,340
Feb 2016,Rest of NSW,H,372.65560066873655,350,290,430
Feb 2016,Rest of NSW,O,276.77064220183485,250,170.75,350
Feb 2016,Rest of NSW,T,367.71188811188813,350,300,420
Feb 2016,Rest of NSW,U,346.0385395537525,330,260,400
Mar 2016,Greater Sydney,F,559.6818353236957,520,420,650
Mar 2016,Greater Sydney,H,606.4498179927197,520,430,680
Mar 2016,Greater Sydney,O,401.0998389694042,370,320,450
Mar 2016,Greater Sydney,T,623.269465648855,560,440,740
Mar 2016,Greater Sydney,U,546.2239488117002,495,395,628.75
Mar 2016,Rest of NSW,F,279.6500222915738,260,200,330
Mar 2016,Rest of NSW,H,362.9731917046029,350,280,420
Mar 2016,Rest of NSW,O,262.76171875,220,170,320
Mar 2016,Rest of NSW,T,374.2918032786885,360,300,420
Mar 2016,Rest of NSW,U,334.82675438596493,320,240,395
Apr 2016,Greater Sydney,F,558.7286633309507,520,420,645
Apr 2016,Greater Sydney,H,598.5465803546299,510,430,660
Apr 2016,Greater Sydney,O,406.5990675990676,400,300,480
Apr 2016,Greater Sydney,T,617.9516666666667,550,450,720
Apr 2016,Greater Sydney,U,549.0709359605911,500,396,630
Apr 2016,Rest of NSW,F,276.8130283441074,260,200,320
Apr 2016,Rest of NSW,H,362.0974658869396,350,280,420
Apr 2016,Rest of NSW,O,275.0833333333333,275,173.75,360
Apr 2016,Rest of NSW,T,372.1374045801527,360,300,430
Apr 2016,Rest of NSW,U,326.32832618025753,320,230,385
May 2016,Greater Sydney,F,551.7252227171492,520,410,635
May 2016,Greater Sydney,H,599.5824742268042,517.5,420,650
May 2016,Greater Sydney,O,414.7813688212928,385,340,474
May 2016,Greater Sydney,T,628.842776203966,580,450,740
May 2016,Greater Sydney,U,570.7290116896918,490,395,650
May 2016,Rest of NSW,F,276.67291857273557,250,200,325
May 2016,Rest of NSW,H,362.7184926378837,350,280,420
May 2016,Rest of NSW,O,277.78723404255317,270,175,350
May 2016,Rest of NSW,T,379.51107325383305,365,300,435
May 2016,Rest of NSW,U,330.6674364896074,320,245,395
Jun 2016,Greater Sydney,F,552.3751613365839,515,420,640
Jun 2016,Greater Sydney,H,606.3809523809524,520,430,680
Jun 2016,Greater Sydney,O,407.7238095238095,370,310,452.5
Jun 2016,Greater Sydney,T,622.7807361002349,580,460,740
Jun 2016,Greater Sydney,U,556.9012775842044,500,400,630
Jun 2016,Rest of NSW,F,293.48474737845567,270,210,340
Jun 2016,Rest of NSW,H,367.65227947127056,350,280,420
Jun 2016,Rest of NSW,O,309.1265060240964,295,200,360
Jun 2016,Rest of NSW,T,386.0252427184466,360,300,430
Jun 2016,Rest of NSW,U,343.55555555555554,340,260,400
Jul 2016,Greater Sydney,F,562.0205011389521,530,430,650
Jul 2016,Greater Sydney,H,617.4835284508576,520,420,680
Jul 2016,Greater Sydney,O,407.37408312958433,395,340,440
Jul 2016,Greater Sydney,T,622.9106557377049,570,450,700
Jul 2016,Greater Sydney,U,558.1751295336787,480,390,620
Jul 2016,Rest of NSW,F,281.6106100795756,260,208,330
Jul 2016,Rest of NSW,H,370.2188274153592,350,290,425
Jul 2016,Rest of NSW,O,282.9934640522876,260,180,350
Jul 2016,Rest of NSW,T,377.00181488203265,365,310,430
Jul 2016,Rest of NSW,U,341.4810810810811,330,250,410
Aug 2016,Greater Sydney,F,566.7043733203029,530,430,650
Aug 2016,Greater Sydney,H,603.3364485981308,520,420,660
Aug 2016,Greater Sydney,O,445.6968576709797,400,350,452
Aug 2016,Greater Sydney,T,622.3263513513514,580,450,726.25
Aug 2016,Greater Sydney,U,568.2017448200654,500,400,640
Aug 2016,Rest of NSW,F,283.9211775878442,270,208.5,330
Aug 2016,Rest of NSW,H,366.3148893360161,350,290,420
Aug 2016,Rest of NSW,O,275.3495575221239,255,180,350
Aug 2016,Rest of NSW,T,380.17491749174917,370,300,435.25
Aug 2016,Rest of NSW,U,339.28372093023256,332.5,250,395
Sep 2016,Greater Sydney,F,559.57523235368,520,425,645
Sep 2016,Greater Sydney,H,604.9289227742253,520,430,680
Sep 2016,Greater Sydney,O,418.5711009174312,395,327.5,500
Sep 2016,Greater Sydney,T,639.1730486008837,580,450,730
Sep 2016,Greater Sydney,U,566.6351501668521,500,410,627.5
Sep 2016,Rest of NSW,F,280.94072047423623,260,205,330
Sep 2016,Rest of NSW,H,370.8467062902427,350,290,430
Sep 2016,Rest of NSW,O,272.1025641025641,250,177.5,350
Sep 2016,Rest of NSW,T,386.3338607594937,370,310,450
Sep 2016,Rest of NSW,U,339.0234741784038,320,250,400
Oct 2016,Greater Sydney,F,565.3856165302562,530,430,650
Oct 2016,Greater Sydney,H,615.7987707108498,530,440,680
Oct 2016,Greater Sydney,O,409.03208556149735,380,301.5,474.75
Oct 2016,Greater Sydney,T,652.791346824843,600,470,760
Oct 2016,Greater Sydney,U,565.0642201834862,510,410,650
Oct 2016,Rest of NSW,F,287.59969167523127,270,215,340
Oct 2016,Rest of NSW,H,373.9138865126889,360,290,430
Oct 2016,Rest of NSW,O,290.12598425196853,260,180,357.5
Oct 2016,Rest of NSW,T,381.00178890876566,370,300,450
Oct 2016,Rest of NSW,U,340.2907608695652,330,258.75,400
Nov 2016,Greater Sydney,F,568.1307558061485,520,430,650
Nov 2016,Greater Sydney,H,625.2916666666666,530,430,686.25
Nov 2016,Greater Sydney,O,422.359477124183,390,300,500
Nov 2016,Greater Sydney,T,612.2717989002357,560,435,700
Nov 2016,Greater Sydney,U,566.6875664187035,500,400,630
Nov 2016,Rest of NSW,F,285.4177026355047,270,210,330
Nov 2016,Rest of NSW,H,373.33961770096886,350,290,430
Nov 2016,Rest of NSW,O,284.91975308641975,270,180,368.75
Nov 2016,Rest of NSW,T,388.51198630136986,370,315,450
Nov 2016,Rest of NSW,U,341.48166259168704,325,250,390
Dec 2016,Greater Sydney,F,563.8555496548062,520,420,645
Dec 2016,Greater Sydney,H,623.5071482317531,530,430,680
Dec 2016,Greater Sydney,O,409.80717488789236,382.5,330,468
Dec 2016,Greater Sydney,T,628.3546205860256,570,450,740
Dec 2016,Greater Sydney,U,541.1976549413736,490,395,600
Dec 2016,Rest of NSW,F,296.2656731757451,280,220,350
Dec 2016,Rest of NSW,H,383.66016260162604,360,300,450
Dec 2016,Rest of NSW,O,276.8867924528302,250,180,350
Dec 2016,Rest of NSW,T,382.68006430868166,370,311.25,435
Dec 2016,Rest of NSW,U,329.15738498789347,315,240,400
Jan 2017,Greater Sydney,F,559.3686537581948,520,430,640
Jan 2017,Greater Sydney,H,629.335625,550,440,700
Jan 2017,Greater Sydney,O,446.66265060240966,380,300,480
Jan 2017,Greater Sydney,T,640.3167128347184,580,450,750
Jan 2017,Greater Sydney,U,576.2616033755274,520,430,650
Jan 2017,Rest of NSW,F,288.998998998999,275,210,345
Jan 2017,Rest of NSW,H,380.97491232802804,370,300,440
Jan 2017,Rest of NSW,O,292.3245033112583,270,196.5,360
Jan 2017,Rest of NSW,T,393.36021505376345,382.5,320,450
Jan 2017,Rest of NSW,U,342.96638655462186,330,250,410
Feb 2017,Greater Sydney,F,570.2842881944445,530,440,650
Feb 2017,Greater Sydney,H,639.9375435337822,550,450,700
Feb 2017,Greater Sydney,O,422.8288934426229,429,350,450
Feb 2017,Greater Sydney,T,645.0994729907774,580,460,740
Feb 2017,Greater Sydney,U,541.1322795341098,484,385,600
Feb 2017,Rest of NSW,F,297.715060492282,280,220,350
Feb 2017,Rest of NSW,H,381.664297179546,365,300,450
Feb 2017,Rest of NSW,O,258.14932126696834,210,165,340
Feb 2017,Rest of NSW,T,382.041095890411,370,310,440
Feb 2017,Rest of NSW,U,344.579945799458,340,250,410
Mar 2017,Greater Sydney,F,569.8829553767374,530,435,650
Mar 2017,Greater Sydney,H,626.6099156118144,530,440,700
Mar 2017,Greater Sydney,O,422.8149100257069,417,350,461.5
Mar 2017,Greater Sydney,T,650.7079762689518,600,460,750
Mar 2017,Greater Sydney,U,555.2536443148688,510,400,620
Mar 2017,Rest of NSW,F,291.06369982547994,280,210,350
Mar 2017,Rest of NSW,H,381.51783685526016,360,300,440
Mar 2017,Rest of NSW,O,267.55982905982904,230,165,350
Mar 2017,Rest of NSW,T,392.13793103448273,375,320,450
Mar 2017,Rest of NSW,U,330.4600938967136,320,230,400
Apr 2017,Greater Sydney,F,579.6561875582789,540,440,660
Apr 2017,Greater Sydney,H,637.9229994967287,550,440,700
Apr 2017,Greater Sydney,O,419.8515151515152,400,311.25,480
Apr 2017,Greater Sydney,T,645.5974137931034,595,450,760
Apr 2017,Greater Sydney,U,569.0633802816901,500,410,650
Apr 2017,Rest of NSW,F,294.373348650201,280,220,340
Apr 2017,Rest of NSW,H,384.3601789709172,370,300,450
Apr 2017,Rest of NSW,O,333.4842767295597,330,195,395
Apr 2017,Rest of NSW,T,393.06021505376344,390,315,450
Apr 2017,Rest of NSW,U,332.1824561403509,330,250,400
May 2017,Greater Sydney,F,577.1057457922228,530,440,650
May 2017,Greater Sydney,H,633.8589611989324,540,440,700
May 2017,Greater Sydney,O,393.15819209039546,375,260,468.75
May 2017,Greater Sydney,T,629.7872807017544,570,440,730
May 2017,Greater Sydney,U,563.1954022988506,500,400,636.25
May 2017,Rest of NSW,F,297.7708798570791,280,220,350
May 2017,Rest of NSW,H,384.3295871559633,370,300,450
May 2017,Rest of NSW,O,313.94674556213016,295,200,390
May 2017,Rest of NSW,T,387.50165562913907,375,310,450
May 2017,Rest of NSW,U,339.14589665653494,330,250,400
Jun 2017,Greater Sydney,F,582.506509966586,550,440,665
Jun 2017,Greater Sydney,H,637.460843373494,550,440,702.5
Jun 2017,Greater Sydney,O,398.98724489795916,380,280,460
Jun 2017,Greater Sydney,T,641.9094457455113,580,450,750
Jun 2017,Greater Sydney,U,588.5555555555555,520,420,660
Jun 2017,Rest of NSW,F,302.1215261422515,280,220,350
Jun 2017,Rest of NSW,H,388.7017177344475,370,300,450
Jun 2017,Rest of NSW,O,311.7028985507246,320,190,390
Jun 2017,Rest of NSW,T,397.61996779388085,380,320,450
Jun 2017,Rest of NSW,U,344.74149659863946,330,260,400
Jul 2017,Greater Sydney,F,580.8862389430075,550,447,660
Jul 2017,Greater Sydney,H,628.4591101694915,550,440,700
Jul 2017,Greater Sydney,O,418.92321981424146,409,349,469
Jul 2017,Greater Sydney,T,633.1923397169026,580,450,725
Jul 2017,Greater Sydney,U,572.9507042253521,510,430,642.5
Jul 2017,Rest of NSW,F,293.77605428986914,280,220,350
Jul 2017,Rest of NSW,H,387.0377585377585,370,300,450
Jul 2017,Rest of NSW,O,306.60305343511453,300,200,372.5
Jul 2017,Rest of NSW,T,379.65593220338985,370,300,430
Jul 2017,Rest of NSW,U,351.18637992831543,340,255,410
Aug 2017,Greater Sydney,F,582.8612893369997,550,450,670
Aug 2017,Greater Sydney,H,628.0686572841385,547.5,450,700
Aug 2017,Greater Sydney,O,412.87808641975306,390,320,469
Aug 2017,Greater Sydney,T,633.1369356032568,575,450,750
Aug 2017,Greater Sydney,U,553.7573099415205,510,408.75,630
Aug 2017,Rest of NSW,F,299.91858237547893,285,220,350
Aug 2017,Rest of NSW,H,384.43751402288535,370,300,450
Aug 2017,Rest of NSW,O,281.66887417218544,260,188,350
Aug 2017,Rest of NSW,T,394.49617151607964,380,320,455
Aug 2017,Rest of NSW,U,312.5523465703971,310,230,380
Sep 2017,Greater Sydney,F,577.8787576261786,540,449,660
Sep 2017,Greater Sydney,H,642.3656097041924,550,450,700
Sep 2017,Greater Sydney,O,413.46985446985445,389,335,470
Sep 2017,Greater Sydney,T,627.774693877551,560,430,730
Sep 2017,Greater Sydney,U,574.3275862068965,500,420,650
Sep 2017,Rest of NSW,F,300.7550458715596,280,220,350
Sep 2017,Rest of NSW,H,389.1127575827738,370,300,450
Sep 2017,Rest of NSW,O,274.2515337423313,275,187.5,350
Sep 2017,Rest of NSW,T,400.6627318718381,380,330,460
Sep 2017,Rest of NSW,U,333.7528517110266,320,242.5,400
Oct 2017,Greater Sydney,F,576.4027654867257,540,450,660
Oct 2017,Greater Sydney,H,650.6647763074984,550,450,710
Oct 2017,Greater Sydney,O,416.344262295082,390,330,479
Oct 2017,Greater Sydney,T,639.757748776509,570,450,750
Oct 2017,Greater Sydney,U,568.206132879046,500,410,650
Oct 2017,Rest of NSW,F,306.6191396810053,290,225,360
Oct 2017,Rest of NSW,H,389.5686372745491,375,300,450
Oct 2017,Rest of NSW,O,273.93636363636364,242.5,170,353.75
Oct 2017,Rest of NSW,T,399.35483870967744,380,320,460
Oct 2017,Rest of NSW,U,343.37698412698415,330,250,395
Nov 2017,Greater Sydney,F,577.5344049322911,540,440,650
Nov 2017,Greater Sydney,H,640.6209364138213,550,450,700
Nov 2017,Greater Sydney,O,402.9726688102894,370,340,469
Nov 2017,Greater Sydney,T,628.4655448717949,560,450,720
Nov 2017,Greater Sydney,U,566.5319587628866,500,420,640
Nov 2017,Rest of NSW,F,296.92410714285717,280,215,350
Nov 2017,Rest of NSW,H,392.5660203139428,380,300,450
Nov 2017,Rest of NSW,O,265.5785714285714,250,170,360
Nov 2017,Rest of NSW,T,404.5894568690096,400,330,460
Nov 2017,Rest of NSW,U,322.8201438848921,320,240,380
Dec 2017,Greater Sydney,F,564.9533349045487,530,430,650
Dec 2017,Greater Sydney,H,648.2777158153023,550,450,700
Dec 2017,Greater Sydney,O,423.91442155309034,390,349,469
Dec 2017,Greater Sydney,T,635.9527491408935,570,450,721.25
Dec 2017,Greater Sydney,U,538.5802919708029,500,415,600
Dec 2017,Rest of NSW,F,305.52937976060934,285,220,359
Dec 2017,Rest of NSW,H,398.18239633681,380,310,460
Dec 2017,Rest of NSW,O,276.89403973509934,240,165,350
Dec 2017,Rest of NSW,T,410.493031358885,390,330,470
Dec 2017,Rest of NSW,U,333.14028776978415,320,251.5,395
Jan 2018,Greater Sydney,F,582.4911080711354,545,450,660
Jan 2018,Greater Sydney,H,655.8364837166932,550,450,725
Jan 2018,Greater Sydney,O,413.5844504021448,389.5,354,469
Jan 2018,Greater Sydney,T,648.1073298429319,590,450,750
Jan 2018,Greater Sydney,U,523.4105263157895,487.5,398.75,600
Jan 2018,Rest of NSW,F,309.60150730098917,295,225,370
Jan 2018,Rest of NSW,H,396.5888429752066,380,310,455
Jan 2018,Rest of NSW,O,281.9781420765027,260,175.5,360
Jan 2018,Rest of NSW,T,415.8481203007519,400,340,480
Jan 2018,Rest of NSW,U,346.05128205128204,340,260,400
Feb 2018,Greater Sydney,F,589.1733863510265,550,450,680
Feb 2018,Greater Sydney,H,650.538811056418,550,450,723.75
Feb 2018,Greater Sydney,O,441.6662125340599,422,365,478
Feb 2018,Greater Sydney,T,644.4790236460717,570,450,750
Feb 2018,Greater Sydney,U,551.0418943533698,509,420,640
Feb 2018,Rest of NSW,F,314.2504215851602,290,230,370
Feb 2018,Rest of NSW,H,397.2638888888889,380,310,460
Feb 2018,Rest of NSW,O,278.7922077922078,260,170,372.5
Feb 2018,Rest of NSW,T,418.2645429362881,400,350,480
Feb 2018,Rest of NSW,U,345.3125,320,260,400
Mar 2018,Greater Sydney,F,589.8520960904381,550,450,680
Mar 2018,Greater Sydney,H,643.9877300613497,550,450,700
Mar 2018,Greater Sydney,O,453.0064829821718,410,350,550
Mar 2018,Greater Sydney,T,639.0634802091113,560,450,750
Mar 2018,Greater Sydney,U,572.7134724857685,530,430,650
Mar 2018,Rest of NSW,F,304.4604349838038,285,220,360
Mar 2018,Rest of NSW,H,394.46582691859106,380,300,460
Mar 2018,Rest of NSW,O,278.7828947368421,275,190,350
Mar 2018,Rest of NSW,T,402.19590643274853,385,325,465
Mar 2018,Rest of NSW,U,348.82936507936506,320,250,400
Apr 2018,Greater Sydney,F,581.2209957197567,540,440,660
Apr 2018,Greater Sydney,H,637.643216080402,550,450,700
Apr 2018,Greater Sydney,O,407.72451193058566,364,320,450
Apr 2018,Greater Sydney,T,645.9423076923077,567.5,450,750
Apr 2018,Greater Sydney,U,548.6580796252928,500,409.5,605
Apr 2018,Rest of NSW,F,310.394288852279,290,220,360
Apr 2018,Rest of NSW,H,393.2125326370757,380,300,450
Apr 2018,Rest of NSW,O,268.37579617834393,242,160,370
Apr 2018,Rest of NSW,T,401.26003490401393,395,330,460
Apr 2018,Rest of NSW,U,334.82901554404145,330,250,400
May 2018,Greater Sydney,F,575.0370334084452,540,440,650
May 2018,Greater Sydney,H,631.8836277545074,550,440,700
May 2018,Greater Sydney,O,408.78299776286354,380,335,469
May 2018,Greater Sydney,T,633.8299776286353,560,450,750
May 2018,Greater Sydney,U,549.429889298893,487.5,400,600
May 2018,Rest of NSW,F,305.90669014084506,290,230,360
May 2018,Rest of NSW,H,393.15870603560575,375,300,450
May 2018,Rest of NSW,O,298,267.5,195,360
May 2018,Rest of NSW,T,412.023598820059,390,335,470
May 2018,Rest of NSW,U,349.0676691729323,320,250,400
Jun 2018,Greater Sydney,F,578.3832335329341,540,450,660
Jun 2018,Greater Sydney,H,623.4168997203356,540,440,700
Jun 2018,Greater Sydney,O,433.05013192612137,413,349.25,499
Jun 2018,Greater Sydney,T,618.6310289389068,560,440,720
Jun 2018,Greater Sydney,U,552.751756440281,500,400,620
Jun 2018,Rest of NSW,F,322.0731153496821,300,230,379.25
Jun 2018,Rest of NSW,H,398.2239523700481,380,307.5,455
Jun 2018,Rest of NSW,O,294.0986842105263,260,183.75,385
Jun 2018,Rest of NSW,T,421.0228310502283,400,350,470
Jun 2018,Rest of NSW,U,339.7564766839378,310,260,390
Jul 2018,Greater Sydney,F,577.8931783086565,540,450,670
Jul 2018,Greater Sydney,H,630.3014005602241,550,450,700
Jul 2018,Greater Sydney,O,433.48854961832063,400,335,500
Jul 2018,Greater Sydney,T,617.9825095057034,550,440,720
Jul 2018,Greater Sydney,U,561.9839357429719,500,420,646
Jul 2018,Rest of NSW,F,307.97292250233426,290,230,360
Jul 2018,Rest of NSW,H,397.9054905490549,380,310,460
Jul 2018,Rest of NSW,O,333.9641255605381,330,224.5,402.5
Jul 2018,Rest of NSW,T,416.0116788321168,400,349,470
Jul 2018,Rest of NSW,U,344.869109947644,320,250,400
Aug 2018,Greater Sydney,F,579.0362282463186,545,445,660
Aug 2018,Greater Sydney,H,633.1862348178138,550,450,700
Aug 2018,Greater Sydney,O,431.4925373134328,400,345,550
Aug 2018,Greater Sydney,T,614.2761970853574,556,440,710
Aug 2018,Greater Sydney,U,540.6603773584906,490,400,620
Aug 2018,Rest of NSW,F,306.5311167945439,295,230,355
Aug 2018,Rest of NSW,H,400.2162103901703,380,310,460
Aug 2018,Rest of NSW,O,314.096256684492,290,195,390
Aug 2018,Rest of NSW,T,415.7893982808023,400,340,480
Aug 2018,Rest of NSW,U,332.1913875598086,300,250,390
Sep 2018,Greater Sydney,F,574.12167482954,540,440,650
Sep 2018,Greater Sydney,H,626.8843072112566,540,450,700
Sep 2018,Greater Sydney,O,452.3769363166954,432,330,590
Sep 2018,Greater Sydney,T,635.9624796084829,560,450,730
Sep 2018,Greater Sydney,U,555.2439024390244,500,405.5,640
Sep 2018,Rest of NSW,F,306.7707039337474,300,230,360
Sep 2018,Rest of NSW,H,402.30849706557797,385,320,460
Sep 2018,Rest of NSW,O,297.5149700598802,300,185,390
Sep 2018,Rest of NSW,T,416.65163297045103,400,340,470
Sep 2018,Rest of NSW,U,337.3764705882353,330,260,393.75
Oct 2018,Greater Sydney,F,575.6265253406965,540,440,650
Oct 2018,Greater Sydney,H,634.8276981852913,550,440,700
Oct 2018,Greater Sydney,O,421.02643856920685,390,320,497
Oct 2018,Greater Sydney,T,640.866568914956,560,450,750
Oct 2018,Greater Sydney,U,533.315668202765,497,400,600
Oct 2018,Rest of NSW,F,309.96559428060766,290,230,370
Oct 2018,Rest of NSW,H,401.6181229773463,385,315,460
Oct 2018,Rest of NSW,O,309.6788321167883,280,190,370
Oct 2018,Rest of NSW,T,418.414373088685,400,350,470
Oct 2018,Rest of NSW,U,326.221198156682,310,250,390
Nov 2018,Greater Sydney,F,572.8709798055348,530,430,650
Nov 2018,Greater Sydney,H,634.3835768448308,550,440,700
Nov 2018,Greater Sydney,O,431.27886056971516,425,354,499
Nov 2018,Greater Sydney,T,621.419941775837,550,440,700
Nov 2018,Greater Sydney,U,515.2535787321063,485,390,590
Nov 2018,Rest of NSW,F,310.5134357005758,290,230,360
Nov 2018,Rest of NSW,H,404.2089909134385,390,320,470
Nov 2018,Rest of NSW,O,306.4367088607595,300,220,380
Nov 2018,Rest of NSW,T,429.3372956909361,410,350,480
Nov 2018,Rest of NSW,U,349.468085106383,340,270,400
Dec 2018,Greater Sydney,F,551.5424370202184,520,420,635
Dec 2018,Greater Sydney,H,637.0467044076021,550,440,695
Dec 2018,Greater Sydney,O,426.64942528735634,409,350,489
Dec 2018,Greater Sydney,T,618.1928,550,447.75,698.75
Dec 2018,Greater Sydney,U,520.0177215189873,480,400,600
Dec 2018,Rest of NSW,F,308.8570675105485,290,225,368.25
Dec 2018,Rest of NSW,H,405.8127819548872,390,320,460
Dec 2018,Rest of NSW,O,302.53435114503816,280,185,390
Dec 2018,Rest of NSW,T,421.2202486678508,400,340,500
Dec 2018,Rest of NSW,U,352.6645161290323,350,287.5,420
Jan 2019,Greater Sydney,F,572.6921897546897,534.5,440,650
Jan 2019,Greater Sydney,H,644.1482912937347,550,450,716.25
Jan 2019,Greater Sydney,O,422.64814814814815,400,345,500
Jan 2019,Greater Sydney,T,640.3807599029911,560,450,750
Jan 2019,Greater Sydney,U,519.5215946843854,460,395,575
Jan 2019,Rest of NSW,F,323.4513447432763,300,245,380
Jan 2019,Rest of NSW,H,410.1822222222222,390,320,480
Jan 2019,Rest of NSW,O,305.56028368794324,300,190,395
Jan 2019,Rest of NSW,T,424.4794303797468,412.5,350,485
Jan 2019,Rest of NSW,U,296.17391304347825,280,174,375
Feb 2019,Greater Sydney,F,582.1310554645448,545,450,670
Feb 2019,Greater Sydney,H,645.3644225877565,550,445,720
Feb 2019,Greater Sydney,O,461.0106485963214,450,369,567
Feb 2019,Greater Sydney,T,640.9807005003574,580,450,750
Feb 2019,Greater Sydney,U,558.6825775656324,500,417,628
Feb 2019,Rest of NSW,F,316.18051689860835,300,230,375
Feb 2019,Rest of NSW,H,409.89626467449307,390,320,475
Feb 2019,Rest of NSW,O,290.74058577405856,245,182.5,362.5
Feb 2019,Rest of NSW,T,423.5201072386059,400,350,480
Feb 2019,Rest of NSW,U,308.1336032388664,280,195,382.5
Mar 2019,Greater Sydney,F,575.5013516834603,535,430,660
Mar 2019,Greater Sydney,H,628.5774199256768,550,440,700
Mar 2019,Greater Sydney,O,427.4639344262295,405,330,510
Mar 2019,Greater Sydney,T,632.6671408250355,560,430,750
Mar 2019,Greater Sydney,U,550.6818181818181,500,400,630
Mar 2019,Rest of NSW,F,321.2514619883041,300,240,380
Mar 2019,Rest of NSW,H,407.1649508121711,390,320,470
Mar 2019,Rest of NSW,O,294.05102040816325,270,190,380
Mar 2019,Rest of NSW,T,423.6755485893417,400,350,490
Mar 2019,Rest of NSW,U,327.12631578947367,320,230,390
Apr 2019,Greater Sydney,F,566.5455932850057,525,429,650
Apr 2019,Greater Sydney,H,623.506512839598,540,430,700
Apr 2019,Greater Sydney,O,436.64464285714286,400,330,547.5
Apr 2019,Greater Sydney,T,610.1841692789968,550,430,700
Apr 2019,Greater Sydney,U,542.370786516854,490,400,620
Apr 2019,Rest of NSW,F,321.3263853584138,300,240,375
Apr 2019,Rest of NSW,H,411.4357786985133,390,320,475
Apr 2019,Rest of NSW,O,287.1036585365854,265,183.75,380
Apr 2019,Rest of NSW,T,422.3428120063191,405,345,475
Apr 2019,Rest of NSW,U,328.5693069306931,300,240,380
May 2019,Greater Sydney,F,567.5715706664255,520,430,650
May 2019,Greater Sydney,H,615.1633768064858,530,430,680
May 2019,Greater Sydney,O,414.7699805068226,390,310,495
May 2019,Greater Sydney,T,618.0845503458878,550,430,725
May 2019,Greater Sydney,U,545.3562945368171,500,400,620
May 2019,Rest of NSW,F,313.30283911671927,295,230,360
May 2019,Rest of NSW,H,411.33392658509456,390,320,470
May 2019,Rest of NSW,O,284.75714285714287,265,195,371.25
May 2019,Rest of NSW,T,426.3105497771174,410,350,480
May 2019,Rest of NSW,U,314.16847826086956,310,228.75,400
Jun 2019,Greater Sydney,F,568.9119120102131,520,420,650
Jun 2019,Greater Sydney,H,615.2805528134255,530,430,680
Jun 2019,Greater Sydney,O,425.58588548601864,390,345,505
Jun 2019,Greater Sydney,T,605.3932676518883,550,440,700
Jun 2019,Greater Sydney,U,533.787610619469,480,380,580
Jun 2019,Rest of NSW,F,322.5380237972064,300,230,374
Jun 2019,Rest of NSW,H,408.85657071339176,390,320,470
Jun 2019,Rest of NSW,O,293.19745222929936,280,195,370
Jun 2019,Rest of NSW,T,429.20825852782764,400,330,475
Jun 2019,Rest of NSW,U,336.79234972677597,323,250,390
Jul 2019,Greater Sydney,F,566.9080029308801,525,425,650
Jul 2019,Greater Sydney,H,617.2654208698528,530,440,680
Jul 2019,Greater Sydney,O,457.8384845463609,459,369,538.5
Jul 2019,Greater Sydney,T,619.7564285714286,550,450,710
Jul 2019,Greater Sydney,U,501.48997772828506,465,390,580
Jul 2019,Rest of NSW,F,318.8678213309025,300,240,370
Jul 2019,Rest of NSW,H,408.9699799866578,390,320,470
Jul 2019,Rest of NSW,O,298.4805825242718,260,180,400
Jul 2019,Rest of NSW,T,425.48265460030166,400,350,480
Jul 2019,Rest of NSW,U,337.90184049079755,325,250,400
Aug 2019,Greater Sydney,F,560.6226488118275,520,425,650
Aug 2019,Greater Sydney,H,614.2164440203562,530,430,680
Aug 2019,Greater Sydney,O,447.93198992443325,430,330,550
Aug 2019,Greater Sydney,T,622.5290006988121,560,440,700
Aug 2019,Greater Sydney,U,516.5075921908893,480,390,580
Aug 2019,Rest of NSW,F,317.8015838099428,300,240,370
Aug 2019,Rest of NSW,H,405.88478038815117,390,320,470
Aug 2019,Rest of NSW,O,291.714859437751,275,190,380
Aug 2019,Rest of NSW,T,420.0114613180516,400,350,480
Aug 2019,Rest of NSW,U,326.531914893617,310,250,400
Sep 2019,Greater Sydney,F,560.5287021630616,520,420,650
Sep 2019,Greater Sydney,H,619.619162502154,530,435,700
Sep 2019,Greater Sydney,O,428.5804416403785,399,320,505
Sep 2019,Greater Sydney,T,609.1652767247915,550,432.5,720
Sep 2019,Greater Sydney,U,514.1824644549763,470,380,607.5
Sep 2019,Rest of NSW,F,315.7115104419621,300,240,370
Sep 2019,Rest of NSW,H,412.1737229636447,395,320,470
Sep 2019,Rest of NSW,O,308.59659090909093,270,195,381.25
Sep 2019,Rest of NSW,T,421.2916666666667,400,350,480
Sep 2019,Rest of NSW,U,312.56953642384104,300,230,380
Oct 2019,Greater Sydney,F,561.9371666666667,520,420,650
Oct 2019,Greater Sydney,H,618.6485362896241,530,430,690
Oct 2019,Greater Sydney,O,408.1321070234114,397,300,499
Oct 2019,Greater Sydney,T,609.4413533834586,560,430,700
Oct 2019,Greater Sydney,U,517.0981735159818,465,380,573.75
Oct 2019,Rest of NSW,F,319.8371882086168,300,240,370
Oct 2019,Rest of NSW,H,412.7320410490308,400,325,480
Oct 2019,Rest of NSW,O,290.8816568047337,290,190,385
Oct 2019,Rest of NSW,T,423,410,350,480
Oct 2019,Rest of NSW,U,339.06802721088434,320,250,420
Nov 2019,Greater Sydney,F,562.4308107637377,520,415,650
Nov 2019,Greater Sydney,H,624.68706171108,530,430,690
Nov 2019,Greater Sydney,O,448.4125786163522,435,370,529
Nov 2019,Greater Sydney,T,615.5713190184049,550,440,716.25
Nov 2019,Greater Sydney,U,521.859375,480,400,600
Nov 2019,Rest of NSW,F,322.62201195219126,305,240,380
Nov 2019,Rest of NSW,H,415.22939400975156,400,322.5,475
Nov 2019,Rest of NSW,O,294.0184049079755,280,200,377.5
Nov 2019,Rest of NSW,T,425.89209726443767,412.5,356.25,480
Nov 2019,Rest of NSW,U,344.2616822429907,335,270,395
Dec 2019,Greater Sydney,F,553.9578979099679,510,410,640
Dec 2019,Greater Sydney,H,628.8840138127158,540,430,700
Dec 2019,Greater Sydney,O,435.2551159618008,400,345,515
Dec 2019,Greater Sydney,T,616.7606614447345,560,440,725
Dec 2019,Greater Sydney,U,486.3673469387755,470,383.75,550
Dec 2019,Rest of NSW,F,320.3727634194831,300,240,380
Dec 2019,Rest of NSW,H,419.9497452524317,400,330,485
Dec 2019,Rest of NSW,O,284.59444444444443,250,180,370
Dec 2019,Rest of NSW,T,431.74045801526717,420,360,492.5
Dec 2019,Rest of NSW,U,343.62820512820514,340,255,422.5
Jan 2020,Greater Sydney,F,568.2705167173252,530,430,650
Jan 2020,Greater Sydney,H,650.8369242933386,550,450,740
Jan 2020,Greater Sydney,O,453.1638269986894,440,345,547
Jan 2020,Greater Sydney,T,622.5396419437341,550,440,710
Jan 2020,Greater Sydney,U,504.7142857142857,470,360,600
Jan 2020,Rest of NSW,F,328.17295004712537,310,240,380
Jan 2020,Rest of NSW,H,423.4986830553117,400,330,490
Jan 2020,Rest of NSW,O,305.14193548387095,300,200,397.5
Jan 2020,Rest of NSW,T,441.4743024963289,425,360,500
Jan 2020,Rest of NSW,U,371.1818181818182,330,270,430
Feb 2020,Greater Sydney,F,574.4324834037417,530,430,650
Feb 2020,Greater Sydney,H,641.7866852561868,540,430,710
Feb 2020,Greater Sydney,O,475.0667938931298,462.5,380,589
Feb 2020,Greater Sydney,T,638.4823705926482,560,440,740
Feb 2020,Greater Sydney,U,516.2797202797203,470,380,575
Feb 2020,Rest of NSW,F,332.9908141962422,310,250,390
Feb 2020,Rest of NSW,H,416.1015228426396,400,320,480
Feb 2020,Rest of NSW,O,275.037037037037,220,180,355
Feb 2020,Rest of NSW,T,428.9885550786838,420,350,495
Feb 2020,Rest of NSW,U,354.3241379310345,340,270,440
Mar 2020,Greater Sydney,F,568.1989309783871,525,425,650
Mar 2020,Greater Sydney,H,627.2588603196664,535,430,700
Mar 2020,Greater Sydney,O,413.4014869888476,385,300,514.75
Mar 2020,Greater Sydney,T,631.4794732765298,550,435,750
Mar 2020,Greater Sydney,U,518.2252252252252,487.5,393.75,580
Mar 2020,Rest of NSW,F,322.72966934763184,310,245,380
Mar 2020,Rest of NSW,H,420.743374272786,400,330,480
Mar 2020,Rest of NSW,O,259.1904761904762,220,170,325
Mar 2020,Rest of NSW,T,439.7348837209302,420,360,490
Mar 2020,Rest of NSW,U,334.4,320,230,400
Apr 2020,Greater Sydney,F,531.5581588223098,500,400,600
Apr 2020,Greater Sydney,H,619.7997912317328,530,420,680
Apr 2020,Greater Sydney,O,415.51141552511416,380,290,505
Apr 2020,Greater Sydney,T,607.780361757106,530,420,680
Apr 2020,Greater Sydney,U,497.0879765395894,470,385,555
Apr 2020,Rest of NSW,F,317.4807886754297,300,240,380
Apr 2020,Rest of NSW,H,409.4968595782862,400,320,475
Apr 2020,Rest of NSW,O,288.7455621301775,255,170,375
Apr 2020,Rest of NSW,T,425.68959731543623,400,340,480
Apr 2020,Rest of NSW,U,355.27027027027026,350,260,425
May 2020,Greater Sydney,F,527.8589447777265,500,400,600
May 2020,Greater Sydney,H,603.3486317977139,530,420,675
May 2020,Greater Sydney,O,406.58415841584156,370,288.75,511
May 2020,Greater Sydney,T,600.8281868566904,550,430,700
May 2020,Greater Sydney,U,504.9257950530035,460,380,560
May 2020,Rest of NSW,F,327.7220026350461,310,250,385
May 2020,Rest of NSW,H,410.3690200210748,395,320,470
May 2020,Rest of NSW,O,299.1189189189189,300,195,375
May 2020,Rest of NSW,T,418.7112676056338,417.5,340,490
May 2020,Rest of NSW,U,349.41346153846155,340,260,410
Jun 2020,Greater Sydney,F,535.124276289215,500,400,610
Jun 2020,Greater Sydney,H,619.9279081546514,540,420,700
Jun 2020,Greater Sydney,O,424.6003430531732,390,300,526
Jun 2020,Greater Sydney,T,602.7106017191977,550,440,700
Jun 2020,Greater Sydney,U,492.46835443037975,470,384.5,550
Jun 2020,Rest of NSW,F,333.27470093043866,320,250,385
Jun 2020,Rest of NSW,H,414.75420949048765,395,320,480
Jun 2020,Rest of NSW,O,271.0574162679426,230,190,350
Jun 2020,Rest of NSW,T,437.13978494623655,420,360,480
Jun 2020,Rest of NSW,U,332.6,310,250,402.5
Jul 2020,Greater Sydney,F,531.6770163053664,500,400,600
Jul 2020,Greater Sydney,H,623.5235426008969,550,430,700
Jul 2020,Greater Sydney,O,405.6770833333333,380,300,500
Jul 2020,Greater Sydney,T,615.479674796748,550,440,700
Jul 2020,Greater Sydney,U,460.640306122449,440,370,532.5
Jul 2020,Rest of NSW,F,329.90316045380877,310,250,386.25
Jul 2020,Rest of NSW,H,419.2838179519595,400,330,480
Jul 2020,Rest of NSW,O,283.39195979899495,250,190,360
Jul 2020,Rest of NSW,T,432.541095890411,420,350,495
Jul 2020,Rest of NSW,U,346.8440366972477,340,245,445
Aug 2020,Greater Sydney,F,524.4418296320848,495,400,600
Aug 2020,Greater Sydney,H,623.3096381093058,540,430,700
Aug 2020,Greater Sydney,O,407.70888468809073,365,300,495
Aug 2020,Greater Sydney,T,623.351226993865,550,440,721.25
Aug 2020,Greater Sydney,U,484.4277929155313,450,370,530
Aug 2020,Rest of NSW,F,334.7314126394052,317.5,250,400
Aug 2020,Rest of NSW,H,426.32671793599604,400,330,480
Aug 2020,Rest of NSW,O,326.03125,250,191.5,380
Aug 2020,Rest of NSW,T,448.28150572831424,430,360,502.5
Aug 2020,Rest of NSW,U,360.3008849557522,350,250,440
Sep 2020,Greater Sydney,F,524.8253634151155,490,400,600
Sep 2020,Greater Sydney,H,643.2356159548182,550,440,720
Sep 2020,Greater Sydney,O,382.5279383429672,355,297.5,450
Sep 2020,Greater Sydney,T,609.871408045977,550,450,700
Sep 2020,Greater Sydney,U,469.5899705014749,445,370,540
Sep 2020,Rest of NSW,F,332.7049676025918,320,250,400
Sep 2020,Rest of NSW,H,429.32644230769233,400,330,495
Sep 2020,Rest of NSW,O,289.25925925925924,250,167.5,380
Sep 2020,Rest of NSW,T,432.52910958904107,420,350,500
Sep 2020,Rest of NSW,U,339.23809523809524,320,270,400
Oct 2020,Greater Sydney,F,521.3965840299799,485,400,600
Oct 2020,Greater Sydney,H,636.8913168487636,550,440,700
Oct 2020,Greater Sydney,O,375.5820610687023,360,270,460
Oct 2020,Greater Sydney,T,611.6285714285714,550,430,712.5
Oct 2020,Greater Sydney,U,467.0906432748538,450,360,537.5
Oct 2020,Rest of NSW,F,337.7621407333994,320,250,400
Oct 2020,Rest of NSW,H,441.77033615601744,420,330,500
Oct 2020,Rest of NSW,O,321.23668639053255,260,195,390
Oct 2020,Rest of NSW,T,445.7634011090573,430,370,500
Oct 2020,Rest of NSW,U,373.14285714285717,370,280,421.25
Nov 2020,Greater Sydney,F,513.328078242464,475,395,590
Nov 2020,Greater Sydney,H,649.203429462198,550,450,720
Nov 2020,Greater Sydney,O,395.7265774378585,370,282.5,468
Nov 2020,Greater Sydney,T,620.9253731343283,550,450,700
Nov 2020,Greater Sydney,U,481.42122186495175,440,370,550
Nov 2020,Rest of NSW,F,335.8142570281124,320,250,400
Nov 2020,Rest of NSW,H,440.58676110051755,420,340,500
Nov 2020,Rest of NSW,O,295.6777777777778,262.5,170,392.5
Nov 2020,Rest of NSW,T,450.5581818181818,440,360,500
Nov 2020,Rest of NSW,U,323.1896551724138,315,222.5,388.75
Dec 2020,Greater Sydney,F,508.87307072103204,470,390,580
Dec 2020,Greater Sydney,H,650.6637362637363,560,450,720
Dec 2020,Greater Sydney,O,391.5224171539961,375,295,480
Dec 2020,Greater Sydney,T,632.2840627580512,560,450,740
Dec 2020,Greater Sydney,U,456.29585798816566,420,365.75,518.75
Dec 2020,Rest of NSW,F,344.6220930232558,330,250,400
Dec 2020,Rest of NSW,H,449.35471698113207,430,350,520
Dec 2020,Rest of NSW,O,330.3960396039604,282.5,200,418.75
Dec 2020,Rest of NSW,T,460.0912,440,380,520
Dec 2020,Rest of NSW,U,353.43956043956047,320,250,430
Jan 2021,Greater Sydney,F,518.3682094026468,480,400,595
Jan 2021,Greater Sydney,H,665.2605480643758,565,450,750
Jan 2021,Greater Sydney,O,387.6916835699797,360,275,468
Jan 2021,Greater Sydney,T,629.77545691906,570,450,720
Jan 2021,Greater Sydney,U,440.84331797235023,430,355,490
Jan 2021,Rest of NSW,F,345.77062868369353,327.5,250,410
Jan 2021,Rest of NSW,H,458.6395768833849,430,350,525
Jan 2021,Rest of NSW,O,313.6868686868687,280,190,430
Jan 2021,Rest of NSW,T,461.5204678362573,450,380,520
Jan 2021,Rest of NSW,U,335.6595744680851,300,280,384.5
Feb 2021,Greater Sydney,F,522.3279393003425,480,400,600
Feb 2021,Greater Sydney,H,668.8931679318645,570,450,750
Feb 2021,Greater Sydney,O,380.91637630662024,350,270,468
Feb 2021,Greater Sydney,T,641.0130769230769,580,450,750
Feb 2021,Greater Sydney,U,477.2909604519774,440,360,540
Feb 2021,Rest of NSW,F,348.6594387755102,330,250,420
Feb 2021,Rest of NSW,H,450.30141670737663,422.5,340,525
Feb 2021,Rest of NSW,O,260.6920634920635,205,165,310
Feb 2021,Rest of NSW,T,465.41509433962267,450,370,536.25
Feb 2021,Rest of NSW,U,383.68367346938777,342.5,270,437.5
Mar 2021,Greater Sydney,F,520.5070551945921,480,395,600
Mar 2021,Greater Sydney,H,658.578611898017,560,450,750
Mar 2021,Greater Sydney,O,365.84742647058823,350,250,450
Mar 2021,Greater Sydney,T,623.3878299120234,560,450,721.25
Mar 2021,Greater Sydney,U,438.9769736842105,417.5,350,500
Mar 2021,Rest of NSW,F,348.68003688335637,325,250,410
Mar 2021,Rest of NSW,H,456.33781512605043,430,350,530
Mar 2021,Rest of NSW,O,307.58775510204083,250,180,400
Mar 2021,Rest of NSW,T,469.11483253588517,450,380,525
Mar 2021,Rest of NSW,U,352.9479166666667,330,253.75,402
Apr 2021,Greater Sydney,F,522.4712491222595,480,390,600
Apr 2021,Greater Sydney,H,656.329657108482,560,450,720
Apr 2021,Greater Sydney,O,373.1597510373444,340,253,420
Apr 2021,Greater Sydney,T,608.4890939597316,560,430,700
Apr 2021,Greater Sydney,U,459.2195945945946,420,355,530
Apr 2021,Rest of NSW,F,357.85122210414454,340,260,420
Apr 2021,Rest of NSW,H,466.5077841203944,450,350,540
Apr 2021,Rest of NSW,O,367.7655172413793,360,220,480
Apr 2021,Rest of NSW,T,477.4091743119266,460,390,530
Apr 2021,Rest of NSW,U,371.18888888888887,362.5,291.25,447.5
May 2021,Greater Sydney,F,522.7766733964901,480,390,600
May 2021,Greater Sydney,H,661.3957167663515,560,450,720
May 2021,Greater Sydney,O,387.53333333333336,350,260,420
May 2021,Greater Sydney,T,622.0980881130507,565,440,720
May 2021,Greater Sydney,U,448.4671814671815,410,350,510
May 2021,Rest of NSW,F,353.37676438653637,340,260,420
May 2021,Rest of NSW,H,474.1996996996997,450,360,550
May 2021,Rest of NSW,O,332.18840579710144,280,185,445
May 2021,Rest of NSW,T,465.5819209039548,450,380,520
May 2021,Rest of NSW,U,360.3631284916201,350,280,432.5
Jun 2021,Greater Sydney,F,522.5291431225327,480,390,600
Jun 2021,Greater Sydney,H,663.6633838881229,570,450,740
Jun 2021,Greater Sydney,O,386.9451754385965,360,275,470
Jun 2021,Greater Sydney,T,630.7678729037953,560,450,735
Jun 2021,Greater Sydney,U,461.89803921568625,430,355,525
Jun 2021,Rest of NSW,F,365.8198661863098,350,270,420
Jun 2021,Rest of NSW,H,474.8482099068171,445,350,550
Jun 2021,Rest of NSW,O,340.29651162790697,300,193.75,452.5
Jun 2021,Rest of NSW,T,487.72443674176776,460,380,550
Jun 2021,Rest of NSW,U,356.80232558139534,347.5,291.25,415
Jul 2021,Greater Sydney,F,523.1975086051467,480,390,600
Jul 2021,Greater Sydney,H,672.4593023255813,570,450,750
Jul 2021,Greater Sydney,O,400.9591836734694,360,300,450
Jul 2021,Greater Sydney,T,636.8847457627119,575,440,736.25
Jul 2021,Greater Sydney,U,477.984693877551,450,370,522.5
Jul 2021,Rest of NSW,F,354.23399014778323,340,255,420
Jul 2021,Rest of NSW,H,471.46798255680517,450,360,550
Jul 2021,Rest of NSW,O,368.7403314917127,300,200,450
Jul 2021,Rest of NSW,T,481.06324786324785,460,390,550
Jul 2021,Rest of NSW,U,376.80808080808083,360,262.5,440
Aug 2021,Greater Sydney,F,532.8141025641025,490,400,610
Aug 2021,Greater Sydney,H,680.1333469055375,580,450,750
Aug 2021,Greater Sydney,O,402.621546961326,360,290,500
Aug 2021,Greater Sydney,T,647.208722741433,590,450,750
Aug 2021,Greater Sydney,U,480.8168316831683,440,380,530
Aug 2021,Rest of NSW,F,370.817472698908,350,270,430
Aug 2021,Rest of NSW,H,481.1351157794223,450,360,550
Aug 2021,Rest of NSW,O,349.5025906735751,320,210,450
Aug 2021,Rest of NSW,T,491.8161888701518,470,400,550
Aug 2021,Rest of NSW,U,363.98837209302326,350,287.5,400
Sep 2021,Greater Sydney,F,534.2329313858696,490,400,620
Sep 2021,Greater Sydney,H,687.5341543197999,590,460,750
Sep 2021,Greater Sydney,O,375.7641025641026,350,270,420
Sep 2021,Greater Sydney,T,662.5494816211121,580,450,760
Sep 2021,Greater Sydney,U,439.744,425,360,478.75
Sep 2021,Rest of NSW,F,370.80514891468954,350,270,445
Sep 2021,Rest of NSW,H,488.31487380543985,460,370,560
Sep 2021,Rest of NSW,O,374.3609467455621,350,230,520
Sep 2021,Rest of NSW,T,487.10664335664336,470,400,560
Sep 2021,Rest of NSW,U,351.86503067484665,350,280,440
Oct 2021,Greater Sydney,F,535.566237006237,490,400,610
Oct 2021,Greater Sydney,H,685.3337858805276,600,450,750
Oct 2021,Greater Sydney,O,376.09867172675524,350,260,430
Oct 2021,Greater Sydney,T,657.0181488203267,595,460,760
Oct 2021,Greater Sydney,U,474.12554112554113,450,370,550
Oct 2021,Rest of NSW,F,379.00613496932516,350,280,450
Oct 2021,Rest of NSW,H,494.15710594315243,460,370,575
Oct 2021,Rest of NSW,O,371.19428571428574,340,185,497.5
Oct 2021,Rest of NSW,T,488.46448087431696,470,400,560
Oct 2021,Rest of NSW,U,374.0769230769231,390,265,450
Nov 2021,Greater Sydney,F,530.460133393967,485,400,600
Nov 2021,Greater Sydney,H,699.5493554327809,600,470,778.75
Nov 2021,Greater Sydney,O,410.9047619047619,380,295,489
Nov 2021,Greater Sydney,T,662.9145146927872,600,470,750
Nov 2021,Greater Sydney,U,443.44202898550725,410,350,500
Nov 2021,Rest of NSW,F,379.3485010706638,360,280,450
Nov 2021,Rest of NSW,H,493.4142206477733,460,370,570
Nov 2021,Rest of NSW,O,328.4674556213018,275,170,450
Nov 2021,Rest of NSW,T,511.43659420289856,490,400,600
Nov 2021,Rest of NSW,U,390.2909090909091,350,270,467.5
Dec 2021,Greater Sydney,F,532.2595761695322,490,400,600
Dec 2021,Greater Sydney,H,694.9326777609682,600,475,770
Dec 2021,Greater Sydney,O,397.6857142857143,345,250,450
Dec 2021,Greater Sydney,T,656.5507380073801,580,460,750
Dec 2021,Greater Sydney,U,476.25071225071224,420,350,530
Dec 2021,Rest of NSW,F,375.52553542009883,360,285,450
Dec 2021,Rest of NSW,H,509.0643967431532,480,385,600
Dec 2021,Rest of NSW,O,364.88235294117646,310,200,450
Dec 2021,Rest of NSW,T,496.67154471544717,480,400,570
Dec 2021,Rest of NSW,U,373.52941176470586,360,290,450
Jan 2022,Greater Sydney,F,551.135673250964,500,410,630
Jan 2022,Greater Sydney,H,723.5619086795557,620,480,800
Jan 2022,Greater Sydney,O,428.6673596673597,380,295,495
Jan 2022,Greater Sydney,T,667.8142023346303,605,470,775
Jan 2022,Greater Sydney,U,460.0676691729323,410,350,535
Jan 2022,Rest of NSW,F,376.9596186203029,360,265,450
Jan 2022,Rest of NSW,H,505.1856876828944,480,380,600
Jan 2022,Rest of NSW,O,366.8727272727273,255,180,420
Jan 2022,Rest of NSW,T,511.07142857142856,500,420,590
Jan 2022,Rest of NSW,U,363.3888888888889,325,261.25,450
Feb 2022,Greater Sydney,F,556.0104558762024,500,416,650
Feb 2022,Greater Sydney,H,727.4399055918664,620,480,800
Feb 2022,Greater Sydney,O,444.840206185567,417,300,559.25
Feb 2022,Greater Sydney,T,686.6666666666666,600,485,800
Feb 2022,Greater Sydney,U,466.9384615384615,430,350,570
Feb 2022,Rest of NSW,F,387.2202779207411,360,280,460
Feb 2022,Rest of NSW,H,506.8129602356407,480,380,600
Feb 2022,Rest of NSW,O,272.19693094629156,200,170,280
Feb 2022,Rest of NSW,T,521.7650085763294,500,420,590
Feb 2022,Rest of NSW,U,372.42528735632186,340,250,430
Mar 2022,Greater Sydney,F,560.6425120772947,500,415,650
Mar 2022,Greater Sydney,H,706.8956553353936,600,480,780
Mar 2022,Greater Sydney,O,426.2863777089783,400,310,525
Mar 2022,Greater Sydney,T,662.1534090909091,580,450,750
Mar 2022,Greater Sydney,U,501.715,475,360,580
Mar 2022,Rest of NSW,F,387.0720675944334,370,280,460
Mar 2022,Rest of NSW,H,509.68731222556045,480,380,600
Mar 2022,Rest of NSW,O,316.676,242.5,170,417.5
Mar 2022,Rest of NSW,T,518.1760683760684,490,410,595
Mar 2022,Rest of NSW,U,431.5285714285714,345,272.5,447.5
Apr 2022,Greater Sydney,F,561.764648088603,510,410,650
Apr 2022,Greater Sydney,H,707.9450932186028,620,480,800
Apr 2022,Greater Sydney,O,422.6159090909091,375,282,529
Apr 2022,Greater Sydney,T,669.2866419294991,600,460,775
Apr 2022,Greater Sydney,U,452.8008298755187,425,350,500
Apr 2022,Rest of NSW,F,396.86062322946174,380,300,460
Apr 2022,Rest of NSW,H,518.8018970189702,495,390,600
Apr 2022,Rest of NSW,O,414.38505747126436,330,200,520
Apr 2022,Rest of NSW,T,530.0769230769231,520,425,620
Apr 2022,Rest of NSW,U,364.35,335,270,452.5
May 2022,Greater Sydney,F,577.2955766192733,530,425,650
May 2022,Greater Sydney,H,724.9860060514372,630,500,800
May 2022,Greater Sydney,O,433.8022875816994,380,288,529
May 2022,Greater Sydney,T,691.1716350496838,610,482.5,800
May 2022,Greater Sydney,U,494.978102189781,452.5,350,567.5
May 2022,Rest of NSW,F,384.36416184971097,360,280,450
May 2022,Rest of NSW,H,520.6528846153847,500,400,600
May 2022,Rest of NSW,O,374.75132275132273,330,200,490
May 2022,Rest of NSW,T,526.4844036697248,500,420,600
May 2022,Rest of NSW,U,358.88732394366195,350,265,410
Jun 2022,Greater Sydney,F,582.4381540997116,540,430,665
Jun 2022,Greater Sydney,H,729.6520153200803,635,500,800
Jun 2022,Greater Sydney,O,472.138067061144,410,310,567
Jun 2022,Greater Sydney,T,684.5022914757103,620,480,782.5
Jun 2022,Greater Sydney,U,471.40340909090907,450,370,552.5
Jun 2022,Rest of NSW,F,409.38493506493506,380,300,490
Jun 2022,Rest of NSW,H,531.8784266984505,500,400,610
Jun 2022,Rest of NSW,O,370.6363636363636,322.5,200,460
Jun 2022,Rest of NSW,T,528.1259259259259,500,420,600
Jun 2022,Rest of NSW,U,386.73417721518985,355,280,450
Jul 2022,Greater Sydney,F,597.1500292373236,550,450,695
Jul 2022,Greater Sydney,H,714.2342751429533,620,490,800
Jul 2022,Greater Sydney,O,468.36708860759495,400,312.5,550
Jul 2022,Greater Sydney,T,704.5384615384615,620,500,810
Jul 2022,Greater Sydney,U,522.1276595744681,480,390,600
Jul 2022,Rest of NSW,F,397.65075800112294,378,300,470
Jul 2022,Rest of NSW,H,519.1750803120698,500,400,600
Jul 2022,Rest of NSW,O,399.0076923076923,355,230,495
Jul 2022,Rest of NSW,T,525.9344262295082,510,425,600
Jul 2022,Rest of NSW,U,376.53521126760563,350,285,467.5
Aug 2022,Greater Sydney,F,606.8102385202012,559,450,700
Aug 2022,Greater Sydney,H,723.5646114225117,635,500,800
Aug 2022,Greater Sydney,O,460.0052083333333,420,320,566
Aug 2022,Greater Sydney,T,727.5649819494585,650,510,821.25
Aug 2022,Greater Sydney,U,520.9565217391304,495,400,618.75
Aug 2022,Rest of NSW,F,408.81071242849714,390,300,490
Aug 2022,Rest of NSW,H,525.4270470383275,500,400,600
Aug 2022,Rest of NSW,O,380.301775147929,300,180,490
Aug 2022,Rest of NSW,T,531.0751565762005,520,437.5,617.5
Aug 2022,Rest of NSW,U,389.56,375,280,485
Sep 2022,Greater Sydney,F,611.5858271911908,560,450,700
Sep 2022,Greater Sydney,H,726.2750117059467,645,500,800
Sep 2022,Greater Sydney,O,445.396017699115,380,280,550
Sep 2022,Greater Sydney,T,708.6825548141087,640,500,825
Sep 2022,Greater Sydney,U,538.3804713804714,500,420,605
Sep 2022,Rest of NSW,F,397.353982300885,380,300,470
Sep 2022,Rest of NSW,H,528.3798843930635,500,400,600
Sep 2022,Rest of NSW,O,418.2133333333333,365,230,480
Sep 2022,Rest of NSW,T,539.2276595744681,520,440,618.75
Sep 2022,Rest of NSW,U,423.42391304347825,382.5,320,525
Oct 2022,Greater Sydney,F,625.8272112841611,580,460,710
Oct 2022,Greater Sydney,H,738.514181943964,650,500,800
Oct 2022,Greater Sydney,O,451.6731054977712,420,325,529
Oct 2022,Greater Sydney,T,751.3562708102108,650,500,850
Oct 2022,Greater Sydney,U,532.0390070921986,500,400,630
Oct 2022,Rest of NSW,F,396.3230389129092,380,300,460
Oct 2022,Rest of NSW,H,526.0971639950678,500,400,600
Oct 2022,Rest of NSW,O,358.85064935064935,350,230,477.75
Oct 2022,Rest of NSW,T,539.2543478260869,522.5,433.75,630
Oct 2022,Rest of NSW,U,394.1057692307692,380,300,480
Nov 2022,Greater Sydney,F,640.8698688308011,580,476,730
Nov 2022,Greater Sydney,H,747.6308553157475,650,500,830
Nov 2022,Greater Sydney,O,485.2295188556567,499,385,539
Nov 2022,Greater Sydney,T,727.8283433133732,650,520,840
Nov 2022,Greater Sydney,U,538.7111801242236,500,400,628
Nov 2022,Rest of NSW,F,406.27272727272725,390,300,480
Nov 2022,Rest of NSW,H,529.2436123348018,500,400,600
Nov 2022,Rest of NSW,O,364.2097902097902,330,220,475
Nov 2022,Rest of NSW,T,545.3822937625755,530,440,630
Nov 2022,Rest of NSW,U,398.3269230769231,380,300,453.75
Dec 2022,Greater Sydney,F,633.9719950940311,585,480,740
Dec 2022,Greater Sydney,H,734.6111406776654,650,500,800
Dec 2022,Greater Sydney,O,523.7635416666667,499,429,629
Dec 2022,Greater Sydney,T,723.5841170323929,650,510,850
Dec 2022,Greater Sydney,U,576.8202764976959,550,450,650
Dec 2022,Rest of NSW,F,404.23409836065576,380,300,480
Dec 2022,Rest of NSW,H,540.8330924855492,520,420,625
Dec 2022,Rest of NSW,O,373.29545454545456,400,200,491.25
Dec 2022,Rest of NSW,T,550.683486238532,530,450,630
Dec 2022,Rest of NSW,U,435.73267326732673,440,320,540
Jan 2023,Greater Sydney,F,666.3266190949327,608,500,770
Jan 2023,Greater Sydney,H,767.4785513361463,650,520,850
Jan 2023,Greater Sydney,O,522.2292490118577,450,360.25,580
Jan 2023,Greater Sydney,T,750.525974025974,675,530,860
Jan 2023,Greater Sydney,U,572.9009900990098,520,400,657.5
Jan 2023,Rest of NSW,F,403.17048630519844,390,300,485
Jan 2023,Rest of NSW,H,534.8801042571677,500,400,620
Jan 2023,Rest of NSW,O,320.994623655914,245,195,427.5
Jan 2023,Rest of NSW,T,550.6404040404041,550,450,650
Jan 2023,Rest of NSW,U,433.97478991596637,420,300,505
Feb 2023,Greater Sydney,F,699.0847031197585,630,500,800
Feb 2023,Greater Sydney,H,763.0932976714915,650,515,850
Feb 2023,Greater Sydney,O,511.81320754716984,420,330,600
Feb 2023,Greater Sydney,T,776.0603363006924,675,540,882.5
Feb 2023,Greater Sydney,U,551.3320463320464,520,410,655
Feb 2023,Rest of NSW,F,415.19855394883206,395,300,490
Feb 2023,Rest of NSW,H,537.0409505622746,500,410,630
Feb 2023,Rest of NSW,O,289.7909836065574,220,180,350
Feb 2023,Rest of NSW,T,547.214,550,450,650
Feb 2023,Rest of NSW,U,434.2019230769231,427.5,317.5,520
Mar 2023,Greater Sydney,F,695.3196480938417,637,500,800
Mar 2023,Greater Sydney,H,764.8306816523135,650,510,850
Mar 2023,Greater Sydney,O,558.6480293308891,560,410,679
Mar 2023,Greater Sydney,T,754.988011988012,650,540,850
Mar 2023,Greater Sydney,U,595.8362831858407,550,420,700
Mar 2023,Rest of NSW,F,412.5709071949948,400,300,500
Mar 2023,Rest of NSW,H,538.7966601178782,510,410,625
Mar 2023,Rest of NSW,O,349.9605911330049,300,180,500
Mar 2023,Rest of NSW,T,556.2959381044487,550,450,625
Mar 2023,Rest of NSW,U,423.60215053763443,390,330,500
Apr 2023,Greater Sydney,F,701.5675153077667,650,520,800
Apr 2023,Greater Sydney,H,773.8634671890304,670,530,850
Apr 2023,Greater Sydney,O,527.4545454545455,529,400,639
Apr 2023,Greater Sydney,T,734.2730582524272,660,525,871.25
Apr 2023,Greater Sydney,U,559.6666666666666,520,400,669
Apr 2023,Rest of NSW,F,412.3595068137573,400,305,490
Apr 2023,Rest of NSW,H,545.804520615996,520,420,630
Apr 2023,Rest of NSW,O,387.92727272727274,330,200,470
Apr 2023,Rest of NSW,T,548.0531914893617,535,440,640
Apr 2023,Rest of NSW,U,414.54237288135596,400,335,490
May 2023,Greater Sydney,F,696.4621706345845,650,529,800
May 2023,Greater Sydney,H,777.4933996228356,670,530,850
May 2023,Greater Sydney,O,513.2969588550984,460,370,650
May 2023,Greater Sydney,T,790.7144278606966,700,550,900
May 2023,Greater Sydney,U,636.6687898089172,550,430,700
May 2023,Rest of NSW,F,412.4317023445464,390,300,480
May 2023,Rest of NSW,H,541.0473794549266,520,420,630
May 2023,Rest of NSW,O,347.85057471264366,335,230,460
May 2023,Rest of NSW,T,546.5420393559929,540,450,630
May 2023,Rest of NSW,U,437.3833333333333,425,347.5,506.25
Jun 2023,Greater Sydney,F,706.4255789287608,650,549,800
Jun 2023,Greater Sydney,H,784.1425808720113,680,550,870
Jun 2023,Greater Sydney,O,504.11197511664074,460,361,599
Jun 2023,Greater Sydney,T,786.9194360523666,700,550,900
Jun 2023,Greater Sydney,U,629.04,550,420,720
Jun 2023,Rest of NSW,F,418.42963752665247,390,300,491.25
Jun 2023,Rest of NSW,H,551.1632571199358,520,420,640
Jun 2023,Rest of NSW,O,386.43783783783783,380,240,500
Jun 2023,Rest of NSW,T,544.6538461538462,530,450,628.75
Jun 2023,Rest of NSW,U,436.09859154929575,390,335,555
Jul 2023,Greater Sydney,F,720.2234347618289,680,550,820
Jul 2023,Greater Sydney,H,801.5181880576528,700,550,900
Jul 2023,Greater Sydney,O,546.9487804878049,450,360,657.5
Jul 2023,Greater Sydney,T,781.8456852791878,700,560,900
Jul 2023,Greater Sydney,U,588.8670212765958,550,450,721.25
Jul 2023,Rest of NSW,F,419.38618103910017,400,310,490
Jul 2023,Rest of NSW,H,545.2675145954962,520,430,640
Jul 2023,Rest of NSW,O,393.832298136646,350,230,500
Jul 2023,Rest of NSW,T,546.008547008547,530,450,635
Jul 2023,Rest of NSW,U,385.9642857142857,385,300,450
Aug 2023,Greater Sydney,F,733.1004516430462,680,550,830
Aug 2023,Greater Sydney,H,806.8789979517883,700,560,900
Aug 2023,Greater Sydney,O,568.5420560747664,549,429,679
Aug 2023,Greater Sydney,T,791.4055755395683,720,573.75,900
Aug 2023,Greater Sydney,U,634.3154761904761,650,480,750
Aug 2023,Rest of NSW,F,427.26155408836973,400,320,500
Aug 2023,Rest of NSW,H,547.7991991991992,520,425,635
Aug 2023,Rest of NSW,O,415.42483660130716,330,230,490
Aug 2023,Rest of NSW,T,559.8397212543554,550,450,650
Aug 2023,Rest of NSW,U,422.7647058823529,400,340,490
